index,alpha
0,1.0
1,1.05
2,1.1
3,1.15
4,1.2
5,1.25
6,1.3
7,1.35
8,1.4
9,1.45
10,1.5
11,1.55
12,1.6
13,1.65
14,1.7000000000000002
15,1.75
16,1.8
17,1.85
18,1.9
19,1.9500000000000002
20,2.0
21,2.05
22,2.1
23,2.1500000000000004
24,2.2
25,2.25
26,2.3
27,2.35
28,2.4000000000000004
29,2.45
