Anchor Index,Alpha,Contribution,Influence %
10,0.8085106382978724,8.08511,21.28
15,0.8085106382978723,12.12766,31.91
22,0.8085106382978723,17.78723,46.81
