n,entropy,survival_rate
10,6,0.375
15,5,0.45
20,6,0.35
25,9,0.35
30,21,0.375
35,16,0.34285714285714286
40,14,0.38125
45,27,0.45555555555555555
50,25,0.4
